n_teams_interested,n_rumor_mentions,has_big_market_interest,first_rumor_doy,rumor_intensity,mlbam_id,contract_year
0,0,0,365,0,454560,2016
0,1,0,365,0,543362,2016
1,14,1,365,14,431094,2016
0,0,0,365,0,641553,2016
1,1,0,365,1,452252,2016
0,1,0,365,0,446192,2016
0,4,0,365,0,489267,2016
0,0,0,365,0,666969,2016
0,3,0,365,0,457477,2016
0,1,0,365,0,488671,2016
0,0,0,365,0,502100,2016
0,1,0,365,0,506560,2016
0,0,0,365,0,433217,2016
0,2,0,365,0,457706,2016
0,0,0,365,0,572019,2016
0,2,0,365,0,519184,2016
0,3,0,365,0,435064,2016
0,2,0,365,0,461235,2016
0,0,0,365,0,474319,2016
0,2,0,365,0,430910,2016
2,9,1,365,18,453895,2016
0,0,0,365,0,451109,2016
0,1,0,365,0,477165,2016
0,0,0,365,0,460131,2016
0,0,0,365,0,592407,2016
0,0,0,365,0,518725,2016
0,0,0,365,0,136860,2016
0,0,0,365,0,449786,2016
0,3,0,365,0,460576,2016
0,1,0,365,0,118191,2016
0,0,0,365,0,519037,2016
0,0,0,365,0,435041,2016
0,1,0,365,0,491640,2016
0,0,0,365,0,527049,2016
0,2,0,365,0,400284,2016
0,6,0,365,0,452080,2016
0,0,0,365,0,458085,2016
0,1,0,365,0,499624,2016
0,0,0,365,0,456121,2016
0,3,0,365,0,447736,2016
0,0,0,365,0,458689,2016
0,0,0,365,0,460269,2016
1,1,0,365,1,502317,2016
0,0,0,365,0,455104,2016
0,4,0,365,0,453400,2016
0,0,0,365,0,476633,2016
0,1,0,365,0,570799,2016
0,0,0,365,0,605125,2016
0,2,0,365,0,458675,2016
0,0,0,365,0,518577,2016
0,1,0,365,0,543377,2016
1,1,0,365,1,502226,2016
0,0,0,365,0,518614,2016
0,0,0,365,0,537953,2016
3,3,1,365,9,621002,2016
0,3,0,365,0,457787,2016
0,0,0,365,0,571679,2016
0,2,0,365,0,518953,2016
0,2,0,365,0,519083,2016
0,1,0,365,0,457775,2016
3,2,0,365,6,451594,2016
0,1,0,365,0,502126,2016
0,1,0,365,0,456781,2016
0,0,0,365,0,460077,2016
0,0,0,365,0,543482,2016
0,1,0,365,0,453211,2016
0,0,0,365,0,554429,2016
0,0,0,365,0,543038,2016
0,0,0,365,0,622226,2016
5,4,1,365,20,429665,2016
0,0,0,365,0,519068,2016
0,0,0,365,0,519303,2016
0,0,0,365,0,466988,2016
0,0,0,365,0,502034,2016
0,0,0,365,0,518700,2016
0,1,0,365,0,519299,2016
0,7,0,365,0,458913,2016
0,2,0,365,0,430947,2016
0,0,0,365,0,456124,2016
0,2,0,365,0,516811,2016
0,2,0,365,0,465784,2016
0,8,0,365,0,516472,2016
0,1,0,365,0,620439,2016
0,0,0,365,0,429711,2016
0,0,0,365,0,434567,2016
0,0,0,365,0,493596,2016
1,2,1,365,2,502205,2016
1,7,0,365,7,463610,2016
0,0,0,365,0,453923,2016
0,0,0,365,0,425565,2016
0,0,0,365,0,474233,2016
0,4,0,365,0,592656,2016
0,0,0,365,0,625329,2016
0,0,0,365,0,516949,2016
0,4,0,365,0,435622,2016
2,9,0,365,18,113113,2016
0,0,0,365,0,543776,2016
0,0,0,365,0,543094,2016
0,1,0,365,0,518653,2016
0,0,0,365,0,572876,2016
1,1,1,365,1,425766,2016
0,0,0,365,0,457449,2016
0,0,0,365,0,457454,2016
0,0,0,365,0,430652,2016
0,1,0,365,0,488771,2016
0,0,0,365,0,445095,2016
0,1,0,365,0,425772,2016
0,6,0,365,0,457789,2016
0,3,0,365,0,543079,2016
0,0,0,365,0,543742,2016
0,0,0,365,0,524968,2016
0,3,0,365,0,425509,2016
1,3,1,365,3,596847,2016
0,0,0,365,0,110073,2016
0,1,0,365,0,276519,2016
0,1,0,365,0,542994,2016
0,0,0,365,0,519345,2016
0,0,0,365,0,543213,2016
4,18,1,365,72,445055,2016
0,0,0,365,0,457788,2016
0,2,0,365,0,628336,2016
0,1,0,365,0,517369,2016
0,0,0,365,0,467798,2016
0,1,0,365,0,285078,2016
1,3,0,365,3,502210,2016
0,0,0,365,0,489365,2016
0,3,0,365,0,425543,2016
0,0,0,365,0,500887,2016
2,6,1,365,12,110713,2016
0,0,0,365,0,518542,2016
0,2,0,365,0,464433,2016
0,3,0,365,0,516809,2016
0,0,0,365,0,448605,2016
2,4,1,365,8,457759,2016
4,1,1,365,4,434778,2016
0,2,0,365,0,435559,2016
0,3,0,365,0,572669,2016
0,0,0,365,0,502582,2016
0,0,0,365,0,543894,2016
0,2,0,365,0,472528,2016
0,2,0,365,0,448602,2016
4,2,1,365,8,444432,2016
0,0,0,365,0,518625,2016
1,1,1,365,1,407812,2016
0,2,0,365,0,459964,2016
0,0,0,365,0,473724,2016
0,0,0,365,0,605474,2016
0,1,0,365,0,449168,2016
0,5,0,365,0,446308,2016
0,2,0,365,0,124327,2016
0,0,0,365,0,544925,2016
1,1,0,365,1,456422,2016
0,0,0,365,0,492841,2016
0,0,0,365,0,502374,2016
0,2,0,365,0,459431,2016
0,0,0,365,0,449107,2016
0,0,0,365,0,502273,2016
0,0,0,365,0,434604,2016
0,4,0,365,0,435063,2016
0,0,0,365,0,120027,2016
0,3,0,365,0,592609,2016
0,0,0,365,0,519048,2016
0,0,0,365,0,493128,2016
1,6,0,365,6,435522,2016
0,0,0,365,0,502544,2016
0,0,0,365,0,460026,2016
0,1,0,365,0,519082,2016
0,2,0,365,0,493114,2016
0,0,0,365,0,408299,2016
0,0,0,365,0,593525,2016
0,8,0,365,0,542455,2016
0,1,0,365,0,467055,2016
0,0,0,365,0,457926,2016
5,4,1,365,20,476883,2016
0,0,0,365,0,465753,2016
0,1,0,365,0,488721,2016
0,2,0,365,0,450641,2016
0,0,0,365,0,542364,2016
2,9,0,365,18,434658,2016
1,4,0,365,4,570717,2016
0,2,0,365,0,541608,2016
0,0,0,365,0,592660,2016
0,0,0,365,0,458582,2016
0,0,0,365,0,571681,2016
0,6,0,365,0,430001,2016
0,0,0,365,0,542963,2016
0,2,0,365,0,594011,2016
0,0,0,365,0,514913,2016
0,0,0,365,0,452672,2016
0,1,0,365,0,429667,2016
0,2,0,365,0,474249,2016
0,1,0,365,0,430605,2016
1,4,0,365,4,446481,2016
0,1,0,365,0,453203,2016
0,0,0,365,0,571761,2016
0,16,0,365,0,452220,2016
0,1,0,365,0,543459,2016
0,0,0,365,0,543148,2016
0,0,0,365,0,488810,2016
0,1,0,365,0,506997,2016
0,0,0,365,0,501983,2016
0,2,0,365,0,461858,2016
0,2,0,365,0,534627,2016
0,1,0,365,0,489138,2016
0,2,0,365,0,456078,2016
0,0,0,365,0,541600,2016
0,2,0,365,0,446868,2016
0,0,0,365,0,519025,2016
0,0,0,365,0,553902,2016
0,4,0,365,0,467092,2016
0,0,0,365,0,592144,2016
0,0,0,365,0,542897,2016
0,4,0,365,0,628450,2016
0,0,0,365,0,493316,2016
0,0,0,365,0,595025,2016
0,0,0,365,0,543059,2016
0,0,0,365,0,454560,2017
0,1,0,365,0,452252,2017
0,2,0,365,0,446192,2017
1,1,0,365,1,489267,2017
0,0,0,365,0,408236,2017
0,0,0,365,0,518545,2017
1,1,0,365,1,444876,2017
0,1,0,365,0,457477,2017
0,0,0,365,0,593700,2017
1,6,1,365,6,488671,2017
0,0,0,365,0,502100,2017
0,0,0,365,0,506560,2017
1,4,0,365,4,501800,2017
0,0,0,365,0,433217,2017
0,0,0,365,0,451188,2017
0,2,0,365,0,571685,2017
0,0,0,365,0,489232,2017
0,2,0,365,0,457706,2017
0,0,0,365,0,519184,2017
0,3,0,365,0,435064,2017
0,1,0,365,0,408252,2017
0,0,0,365,0,474319,2017
0,2,0,365,0,430910,2017
0,0,0,365,0,518649,2017
0,0,0,365,0,592407,2017
0,1,0,365,0,457727,2017
0,0,0,365,0,519237,2017
0,2,0,365,0,460576,2017
2,2,1,365,4,471865,2017
4,5,1,365,20,467793,2017
0,0,0,365,0,527049,2017
0,0,0,365,0,400284,2017
0,0,0,365,0,488818,2017
0,0,0,365,0,452080,2017
0,0,0,365,0,458689,2017
0,0,0,365,0,460269,2017
0,0,0,365,0,502317,2017
0,3,0,365,0,543302,2017
0,1,0,365,0,455104,2017
0,1,0,365,0,455126,2017
0,0,0,365,0,455755,2017
3,17,1,365,51,432934,2017
0,0,0,365,0,542194,2017
0,0,0,365,0,518568,2017
0,0,0,365,0,460060,2017
0,0,0,365,0,458675,2017
0,0,0,365,0,502261,2017
0,0,0,365,0,518577,2017
0,0,0,365,0,543377,2017
0,0,0,365,0,502226,2017
0,0,0,365,0,542436,2017
0,0,0,365,0,434158,2017
0,0,0,365,0,537953,2017
0,0,0,365,0,621002,2017
0,0,0,365,0,457787,2017
0,0,0,365,0,502143,2017
0,0,0,365,0,446381,2017
0,1,0,365,0,519083,2017
0,0,0,365,0,456781,2017
0,0,0,365,0,543482,2017
0,0,0,365,0,543038,2017
0,0,0,365,0,456488,2017
0,0,0,365,0,519068,2017
0,0,0,365,0,466988,2017
0,0,0,365,0,493472,2017
0,0,0,365,0,518700,2017
0,5,0,365,0,543333,2017
0,0,0,365,0,519299,2017
0,0,0,365,0,430947,2017
0,0,0,365,0,456124,2017
0,1,0,365,0,516811,2017
0,0,0,365,0,485567,2017
0,2,0,365,0,516472,2017
0,2,0,365,0,506747,2017
0,0,0,365,0,493596,2017
1,7,0,365,7,463610,2017
0,0,0,365,0,453923,2017
0,0,0,365,0,593643,2017
0,1,0,365,0,592656,2017
0,0,0,365,0,435062,2017
0,0,0,365,0,516949,2017
0,1,0,365,0,400085,2017
2,2,1,365,4,622668,2017
0,0,0,365,0,543776,2017
2,10,1,365,20,502110,2017
0,0,0,365,0,607054,2017
0,0,0,365,0,543094,2017
0,0,0,365,0,518653,2017
0,0,0,365,0,502481,2017
0,0,0,365,0,457454,2017
0,4,0,365,0,457803,2017
0,1,0,365,0,150029,2017
0,1,0,365,0,543079,2017
0,0,0,365,0,110073,2017
0,0,0,365,0,519345,2017
0,0,0,365,0,543213,2017
5,12,1,365,60,445055,2017
0,3,0,365,0,518960,2017
0,0,0,365,0,457574,2017
0,0,0,365,0,457788,2017
0,0,0,365,0,446653,2017
0,0,0,365,0,628336,2017
0,1,0,365,0,408314,2017
0,0,0,365,0,489365,2017
0,1,0,365,0,110713,2017
0,0,0,365,0,492802,2017
0,1,0,365,0,516809,2017
0,0,0,365,0,543321,2017
0,4,0,365,0,572669,2017
2,10,1,365,20,547982,2017
2,4,0,365,8,489149,2017
0,2,0,365,0,456715,2017
0,4,0,365,0,446263,2017
0,0,0,365,0,434682,2017
0,0,0,365,0,596143,2017
0,2,0,365,0,448602,2017
0,3,0,365,0,592863,2017
0,4,0,365,0,571431,2017
0,0,0,365,0,407812,2017
0,0,0,365,0,473724,2017
0,0,0,365,0,605474,2017
0,0,0,365,0,544925,2017
0,1,0,365,0,466320,2017
0,0,0,365,0,492841,2017
0,0,0,365,0,459431,2017
0,0,0,365,0,471083,2017
0,0,0,365,0,502273,2017
0,1,0,365,0,519058,2017
0,1,0,365,0,435063,2017
0,0,0,365,0,592609,2017
0,0,0,365,0,519048,2017
0,0,0,365,0,501213,2017
0,0,0,365,0,435522,2017
0,0,0,365,0,502544,2017
0,0,0,365,0,545338,2017
0,0,0,365,0,460026,2017
0,0,0,365,0,605361,2017
0,0,0,365,0,519082,2017
0,0,0,365,0,592348,2017
0,0,0,365,0,623182,2017
0,0,0,365,0,476883,2017
0,0,0,365,0,465753,2017
0,0,0,365,0,518902,2017
0,0,0,365,0,488721,2017
0,0,0,365,0,594838,2017
0,0,0,365,0,450641,2017
0,1,0,365,0,622441,2017
0,7,0,365,0,434658,2017
0,0,0,365,0,570717,2017
0,0,0,365,0,458582,2017
0,0,0,365,0,425784,2017
0,0,0,365,0,572128,2017
0,0,0,365,0,542963,2017
0,3,0,365,0,502570,2017
0,0,0,365,0,500135,2017
0,1,0,365,0,594011,2017
0,0,0,365,0,514913,2017
0,9,0,365,0,606956,2017
0,0,0,365,0,475247,2017
0,0,0,365,0,572365,2017
0,0,0,365,0,452672,2017
0,1,0,365,0,534606,2017
0,0,0,365,0,543432,2017
0,0,0,365,0,542642,2017
0,0,0,365,0,475100,2017
0,0,0,365,0,453203,2017
0,0,0,365,0,571761,2017
0,0,0,365,0,543459,2017
0,7,0,365,0,543089,2017
0,0,0,365,0,605227,2017
0,0,0,365,0,605253,2017
0,0,0,365,0,543148,2017
0,0,0,365,0,453943,2017
0,0,0,365,0,488810,2017
0,0,0,365,0,573113,2017
0,1,0,365,0,506997,2017
0,0,0,365,0,461858,2017
0,0,0,365,0,488912,2017
2,1,0,365,2,571841,2017
0,0,0,365,0,595963,2017
0,0,0,365,0,677551,2017
2,2,1,365,4,456078,2017
2,2,1,365,4,446868,2017
0,0,0,365,0,519025,2017
0,1,0,365,0,553902,2017
0,0,0,365,0,592144,2017
0,0,0,365,0,592680,2017
0,1,0,365,0,475174,2017
0,1,0,365,0,446359,2017
0,0,0,365,0,591712,2017
0,1,0,365,0,572041,2018
0,0,0,365,0,501659,2018
0,2,0,365,0,430945,2018
0,1,0,365,0,446192,2018
0,0,0,365,0,489267,2018
0,0,0,365,0,588751,2018
0,1,0,365,0,444876,2018
1,6,1,365,6,501800,2018
0,0,0,365,0,433217,2018
0,1,0,365,0,457705,2018
0,1,0,365,0,461865,2018
0,0,0,365,0,542992,2018
0,1,0,365,0,571685,2018
0,0,0,365,0,570489,2018
0,0,0,365,0,606157,2018
0,2,0,365,0,452678,2018
0,0,0,365,0,541645,2018
0,2,0,365,0,607333,2018
0,0,0,365,0,519184,2018
0,0,0,365,0,571740,2018
0,1,0,365,0,435064,2018
0,0,0,365,0,120719,2018
0,4,0,365,0,543543,2018
0,0,0,365,0,446386,2018
0,0,0,365,0,474319,2018
0,0,0,365,0,543434,2018
0,0,0,365,0,592592,2018
0,1,0,365,0,572821,2018
0,1,0,365,0,435263,2018
0,0,0,365,0,592407,2018
4,4,1,365,16,547180,2018
0,1,0,365,0,605490,2018
0,1,0,365,0,543376,2018
0,0,0,365,0,457727,2018
0,0,0,365,0,573088,2018
0,0,0,365,0,519237,2018
0,0,0,365,0,641319,2018
0,1,0,365,0,460576,2018
0,1,0,365,0,471865,2018
0,0,0,365,0,542208,2018
0,0,0,365,0,527049,2018
0,0,0,365,0,488818,2018
0,2,0,365,0,543302,2018
1,3,0,365,3,453400,2018
0,1,0,365,0,572008,2018
0,0,0,365,0,455755,2018
0,0,0,365,0,518568,2018
0,0,0,365,0,460060,2018
0,0,0,365,0,605125,2018
0,0,0,365,0,518577,2018
0,1,0,365,0,543377,2018
0,0,0,365,0,605486,2018
0,0,0,365,0,502226,2018
0,0,0,365,0,542436,2018
0,0,0,365,0,434158,2018
0,0,0,365,0,518614,2018
0,0,0,365,0,502517,2018
0,0,0,365,0,457787,2018
0,0,0,365,0,518618,2018
0,1,0,365,0,501961,2018
0,0,0,365,0,571918,2018
0,0,0,365,0,519023,2018
0,0,0,365,0,599096,2018
0,0,0,365,0,425900,2018
0,2,0,365,0,553988,2018
0,0,0,365,0,456781,2018
0,0,0,365,0,460077,2018
0,0,0,365,0,554429,2018
0,0,0,365,0,572863,2018
0,0,0,365,0,622226,2018
0,0,0,365,0,466988,2018
0,0,0,365,0,493472,2018
0,0,0,365,0,519299,2018
0,0,0,365,0,458913,2018
0,0,0,365,0,456124,2018
0,0,0,365,0,485567,2018
0,1,0,365,0,516472,2018
0,0,0,365,0,465041,2018
0,1,0,365,0,506747,2018
0,0,0,365,0,643524,2018
0,0,0,365,0,520471,2018
0,0,0,365,0,467827,2018
0,0,0,365,0,547912,2018
0,1,0,365,0,493596,2018
0,0,0,365,0,491676,2018
0,5,0,365,0,463610,2018
0,0,0,365,0,453923,2018
2,1,1,365,2,434670,2018
0,0,0,365,0,605612,2018
0,0,0,365,0,592656,2018
0,1,0,365,0,452254,2018
0,0,0,365,0,516949,2018
0,0,0,365,0,435079,2018
0,1,0,365,0,400085,2018
0,1,0,365,0,622668,2018
0,0,0,365,0,543776,2018
0,1,0,365,0,607054,2018
0,0,0,365,0,519295,2018
0,1,0,365,0,543510,2018
0,0,0,365,0,592620,2018
0,0,0,365,0,595144,2018
0,1,0,365,0,476704,2018
0,0,0,365,0,425772,2018
0,0,0,365,0,621044,2018
0,0,0,365,0,491696,2018
0,0,0,365,0,542908,2018
0,0,0,365,0,110073,2018
0,1,0,365,0,116265,2018
0,1,0,365,0,605412,2018
0,5,0,365,0,445055,2018
0,0,0,365,0,518960,2018
0,0,0,365,0,570731,2018
0,0,0,365,0,457574,2018
0,0,0,365,0,518170,2018
0,0,0,365,0,474568,2018
0,0,0,365,0,578428,2018
0,0,0,365,0,446653,2018
0,2,0,365,0,518626,2018
0,1,0,365,0,543281,2018
0,0,0,365,0,489365,2018
0,0,0,365,0,518542,2018
0,0,0,365,0,492802,2018
0,1,0,365,0,571506,2018
0,0,0,365,0,605509,2018
0,1,0,365,0,435559,2018
0,1,0,365,0,572669,2018
0,0,0,365,0,523253,2018
0,0,0,365,0,489149,2018
0,0,0,365,0,502082,2018
0,0,0,365,0,446263,2018
0,0,0,365,0,434682,2018
0,0,0,365,0,596143,2018
0,0,0,365,0,607776,2018
0,2,0,365,0,592518,2018
0,1,0,365,0,448602,2018
0,0,0,365,0,455117,2018
0,1,0,365,0,503556,2018
0,0,0,365,0,592863,2018
0,1,0,365,0,571431,2018
0,0,0,365,0,571602,2018
0,0,0,365,0,459964,2018
0,1,0,365,0,461314,2018
0,0,0,365,0,473724,2018
0,0,0,365,0,605474,2018
0,0,0,365,0,519333,2018
1,3,0,365,3,446308,2018
0,2,0,365,0,466320,2018
0,0,0,365,0,488726,2018
0,0,0,365,0,459431,2018
0,1,0,365,0,502273,2018
0,1,0,365,0,519058,2018
0,1,0,365,0,592609,2018
0,0,0,365,0,435522,2018
0,1,0,365,0,112906,2018
0,0,0,365,0,624419,2018
0,0,0,365,0,545338,2018
0,0,0,365,0,460026,2018
0,0,0,365,0,545337,2018
0,0,0,365,0,607297,2018
0,0,0,365,0,593525,2018
0,1,0,365,0,623182,2018
0,0,0,365,0,449181,2018
0,0,0,365,0,476883,2018
0,0,0,365,0,465753,2018
0,0,0,365,0,518902,2018
0,0,0,365,0,488721,2018
0,0,0,365,0,594838,2018
0,0,0,365,0,595943,2018
0,2,0,365,0,605512,2018
0,0,0,365,0,542364,2018
0,1,0,365,0,434658,2018
0,0,0,365,0,570717,2018
0,2,0,365,0,678495,2018
0,0,0,365,0,425784,2018
0,0,0,365,0,542963,2018
0,0,0,365,0,543257,2018
0,0,0,365,0,455139,2018
0,1,0,365,0,591720,2018
0,0,0,365,0,514913,2018
0,4,0,365,0,606956,2018
0,0,0,365,0,475247,2018
0,0,0,365,0,572365,2018
0,0,0,365,0,534606,2018
0,0,0,365,0,543432,2018
0,0,0,365,0,542642,2018
0,2,0,365,0,446481,2018
0,0,0,365,0,623180,2018
0,1,0,365,0,453203,2018
0,0,0,365,0,519390,2018
0,0,0,365,0,608061,2018
0,0,0,365,0,600301,2018
0,0,0,365,0,605253,2018
0,1,0,365,0,542921,2018
0,0,0,365,0,543148,2018
0,1,0,365,0,571830,2018
0,0,0,365,0,542513,2018
0,0,0,365,0,573113,2018
0,0,0,365,0,506997,2018
0,0,0,365,0,501983,2018
0,0,0,365,0,518595,2018
0,0,0,365,0,572204,2018
0,1,0,365,0,477054,2018
0,0,0,365,0,461858,2018
0,0,0,365,0,453064,2018
0,0,0,365,0,488912,2018
1,3,1,365,3,571841,2018
0,1,0,365,0,592122,2018
0,0,0,365,0,595963,2018
0,0,0,365,0,541600,2018
0,0,0,365,0,501647,2018
0,1,0,365,0,446868,2018
0,0,0,365,0,527038,2018
0,0,0,365,0,467092,2018
0,0,0,365,0,621500,2018
0,0,0,365,0,592144,2018
0,1,0,365,0,500208,2018
2,2,1,365,4,518735,2018
0,0,0,365,0,475174,2018
0,0,0,365,0,591712,2018
0,0,0,365,0,501659,2019
0,1,0,365,0,588751,2019
0,0,0,365,0,593700,2019
0,1,0,365,0,488671,2019
14,1,1,365,14,460086,2019
0,1,0,365,0,433217,2019
1,2,1,365,2,461865,2019
0,1,0,365,0,571685,2019
0,4,0,365,0,543685,2019
1,1,0,365,1,452678,2019
1,2,1,365,2,519222,2019
0,0,0,365,0,541645,2019
18,3,1,365,54,607333,2019
0,2,0,365,0,571740,2019
0,0,0,365,0,596119,2019
0,0,0,365,0,120719,2019
0,0,0,365,0,543543,2019
0,0,0,365,0,446386,2019
0,0,0,365,0,474319,2019
0,2,0,365,0,458731,2019
0,0,0,365,0,572821,2019
0,0,0,365,0,640459,2019
0,0,0,365,0,571788,2019
0,0,0,365,0,592407,2019
0,2,0,365,0,543068,2019
0,0,0,365,0,543376,2019
0,0,0,365,0,457727,2019
0,0,0,365,0,641319,2019
0,3,0,365,0,471865,2019
0,0,0,365,0,542208,2019
0,0,0,365,0,624636,2019
0,0,0,365,0,644433,2019
0,1,0,365,0,518586,2019
0,1,0,365,0,605508,2019
0,0,0,365,0,596144,2019
0,0,0,365,0,543302,2019
0,0,0,365,0,455104,2019
0,0,0,365,0,572008,2019
0,0,0,365,0,542194,2019
0,0,0,365,0,518568,2019
0,0,0,365,0,605125,2019
0,0,0,365,0,518577,2019
0,0,0,365,0,543377,2019
0,0,0,365,0,572816,2019
0,1,0,365,0,542436,2019
0,0,0,365,0,514917,2019
0,0,0,365,0,592647,2019
0,0,0,365,0,573131,2019
0,0,0,365,0,518618,2019
2,1,1,365,2,544369,2019
0,2,0,365,0,599096,2019
18,1,1,365,18,570267,2019
0,0,0,365,0,460077,2019
0,0,0,365,0,543482,2019
0,0,0,365,0,572863,2019
0,0,0,365,0,456488,2019
0,0,0,365,0,429665,2019
0,1,0,365,0,553869,2019
0,0,0,365,0,466988,2019
0,1,0,365,0,519299,2019
0,0,0,365,0,519346,2019
0,0,0,365,0,625510,2019
0,1,0,365,0,456124,2019
0,2,0,365,0,516472,2019
0,1,0,365,0,465041,2019
0,0,0,365,0,506747,2019
0,0,0,365,0,493596,2019
0,0,0,365,0,491676,2019
0,0,0,365,0,641741,2019
0,0,0,365,0,595885,2019
0,0,0,365,0,628338,2019
0,0,0,365,0,592656,2019
0,0,0,365,0,541650,2019
0,0,0,365,0,435062,2019
0,0,0,365,0,600858,2019
0,0,0,365,0,452254,2019
0,0,0,365,0,543776,2019
1,1,0,365,1,595375,2019
0,0,0,365,0,607054,2019
0,0,0,365,0,595373,2019
0,0,0,365,0,518653,2019
0,0,0,365,0,571875,2019
0,0,0,365,0,592620,2019
0,0,0,365,0,502481,2019
0,1,0,365,0,488771,2019
0,1,0,365,0,543401,2019
0,0,0,365,0,595144,2019
0,1,0,365,0,576397,2019
0,0,0,365,0,542908,2019
0,0,0,365,0,116265,2019
0,1,0,365,0,605412,2019
0,0,0,365,0,572073,2019
0,2,0,365,0,543308,2019
0,3,0,365,0,571974,2019
1,9,1,365,9,445055,2019
0,0,0,365,0,518960,2019
0,0,0,365,0,570731,2019
0,0,0,365,0,474568,2019
0,0,0,365,0,593528,2019
7,1,0,365,7,547989,2019
0,1,0,365,0,578428,2019
0,0,0,365,0,446653,2019
0,0,0,365,0,592530,2019
0,5,0,365,0,518626,2019
0,1,0,365,0,543281,2019
0,0,0,365,0,572033,2019
0,0,0,365,0,489365,2019
0,0,0,365,0,593993,2019
0,1,0,365,0,606299,2019
0,0,0,365,0,518542,2019
0,0,0,365,0,492802,2019
0,0,0,365,0,501571,2019
0,1,0,365,0,475253,2019
0,0,0,365,0,592230,2019
0,0,0,365,0,542979,2019
15,6,1,365,90,607345,2019
15,2,1,365,30,607680,2019
0,0,0,365,0,608700,2019
0,2,0,365,0,594777,2019
0,4,0,365,0,572669,2019
0,0,0,365,0,523253,2019
0,0,0,365,0,489149,2019
0,1,0,365,0,820123,2019
0,0,0,365,0,434682,2019
0,0,0,365,0,571912,2019
0,0,0,365,0,607776,2019
9,2,1,365,18,596748,2019
0,1,0,365,0,542303,2019
18,1,1,365,18,593523,2019
0,0,0,365,0,455117,2019
0,1,0,365,0,592863,2019
0,4,0,365,0,571431,2019
0,0,0,365,0,571602,2019
0,0,0,365,0,592274,2019
0,1,0,365,0,459964,2019
0,0,0,365,0,461314,2019
0,0,0,365,0,605474,2019
0,0,0,365,0,519333,2019
0,0,0,365,0,446308,2019
0,0,0,365,0,621559,2019
1,1,0,365,1,466320,2019
0,0,0,365,0,595222,2019
0,2,0,365,0,519058,2019
0,0,0,365,0,543484,2019
0,1,0,365,0,519048,2019
0,0,0,365,0,435522,2019
0,0,0,365,0,592206,2019
0,0,0,365,0,624419,2019
0,2,0,365,0,455976,2019
0,0,0,365,0,467055,2019
0,0,0,365,0,623182,2019
0,0,0,365,0,518902,2019
0,0,0,365,0,598284,2019
0,0,0,365,0,594838,2019
0,0,0,365,0,595943,2019
0,0,0,365,0,542364,2019
0,0,0,365,0,425784,2019
0,0,0,365,0,542963,2019
0,0,0,365,0,455139,2019
0,1,0,365,0,502570,2019
0,0,0,365,0,591720,2019
0,2,0,365,0,594011,2019
0,1,0,365,0,514913,2019
0,0,0,365,0,641477,2019
2,5,1,365,10,606956,2019
0,1,0,365,0,572365,2019
0,0,0,365,0,534606,2019
0,0,0,365,0,543432,2019
0,0,0,365,0,475582,2019
0,0,0,365,0,624507,2019
0,0,0,365,0,542642,2019
0,1,0,365,0,592387,2019
7,2,1,365,14,446481,2019
0,0,0,365,0,623180,2019
0,1,0,365,0,453203,2019
0,0,0,365,0,593647,2019
0,1,0,365,0,516770,2019
0,3,0,365,0,519390,2019
0,0,0,365,0,519306,2019
0,0,0,365,0,608061,2019
18,4,1,365,72,543089,2019
0,0,0,365,0,605253,2019
0,0,0,365,0,543148,2019
1,3,0,365,3,453943,2019
14,2,1,365,28,543768,2019
0,0,0,365,0,501983,2019
7,1,0,365,7,518595,2019
0,0,0,365,0,572204,2019
0,1,0,365,0,477054,2019
7,2,0,365,14,452095,2019
0,1,0,365,0,456078,2019
0,0,0,365,0,541600,2019
0,1,0,365,0,446868,2019
0,0,0,365,0,527038,2019
0,0,0,365,0,592680,2019
0,0,0,365,0,622168,2019
0,1,0,365,0,543228,2019
0,0,0,365,0,500208,2019
0,2,0,365,0,518735,2019
0,0,0,365,0,570560,2019
0,2,0,365,0,475174,2019
0,0,0,365,0,643335,2019
0,0,0,365,0,591712,2019
0,0,0,365,0,623214,2020
0,0,0,365,0,501659,2020
0,0,0,365,0,594807,2020
0,0,0,365,0,284566,2020
0,0,0,365,0,546991,2020
0,1,0,365,0,405395,2020
0,0,0,365,0,444876,2020
0,0,0,365,0,593700,2020
0,1,0,365,0,488671,2020
0,4,0,365,0,592743,2020
1,2,0,365,2,461865,2020
0,0,0,365,0,623205,2020
0,0,0,365,0,542992,2020
0,0,0,365,0,570489,2020
0,0,0,365,0,452678,2020
1,2,0,365,2,519222,2020
0,0,0,365,0,592325,2020
0,0,0,365,0,571740,2020
0,0,0,365,0,596119,2020
0,2,0,365,0,543543,2020
0,0,0,365,0,592273,2020
0,3,0,365,0,657658,2020
0,0,0,365,0,458731,2020
0,0,0,365,0,571718,2020
0,0,0,365,0,657434,2020
0,0,0,365,0,571788,2020
0,0,0,365,0,592407,2020
0,1,0,365,0,605490,2020
0,2,0,365,0,543068,2020
0,0,0,365,0,543376,2020
0,0,0,365,0,457727,2020
0,0,0,365,0,641319,2020
0,0,0,365,0,542208,2020
3,1,0,365,3,467793,2020
0,0,0,365,0,527049,2020
0,0,0,365,0,644433,2020
0,0,0,365,0,518586,2020
0,0,0,365,0,596144,2020
0,0,0,365,0,543302,2020
0,0,0,365,0,572008,2020
0,0,0,365,0,542194,2020
0,0,0,365,0,518568,2020
4,6,1,365,24,656582,2020
0,0,0,365,0,543377,2020
0,0,0,365,0,592200,2020
0,0,0,365,0,514917,2020
0,0,0,365,0,592647,2020
0,1,0,365,0,518614,2020
0,0,0,365,0,594953,2020
0,1,0,365,0,621002,2020
3,1,0,365,3,542454,2020
0,1,0,365,0,621311,2020
0,0,0,365,0,571679,2020
0,0,0,365,0,543829,2020
0,0,0,365,0,592261,2020
0,0,0,365,0,518618,2020
0,0,0,365,0,571918,2020
0,1,0,365,0,544369,2020
0,0,0,365,0,460077,2020
0,0,0,365,0,572863,2020
1,4,0,365,4,596105,2020
0,0,0,365,0,622226,2020
1,3,0,365,3,592696,2020
0,0,0,365,0,501303,2020
0,4,0,365,0,609274,2020
0,2,0,365,0,519303,2020
0,0,0,365,0,542255,2020
0,4,0,365,0,571771,2020
0,0,0,365,0,493472,2020
0,0,0,365,0,519299,2020
0,1,0,365,0,602080,2020
1,1,0,365,1,625510,2020
0,1,0,365,0,657088,2020
0,4,0,365,0,516472,2020
0,1,0,365,0,506747,2020
0,0,0,365,0,643524,2020
0,2,0,365,0,520471,2020
3,4,1,365,12,543807,2020
0,0,0,365,0,467827,2020
0,0,0,365,0,641741,2020
0,0,0,365,0,595885,2020
0,3,0,365,0,594824,2020
2,4,1,365,8,570256,2020
0,5,0,365,0,673490,2020
1,1,0,365,1,593643,2020
0,1,0,365,0,592656,2020
0,0,0,365,0,541650,2020
0,0,0,365,0,600858,2020
0,0,0,365,0,592669,2020
3,3,1,365,9,592663,2020
0,0,0,365,0,595375,2020
0,1,0,365,0,607054,2020
0,0,0,365,0,595373,2020
1,4,0,365,4,598265,2020
0,0,0,365,0,571875,2020
0,0,0,365,0,545350,2020
2,3,1,365,6,543510,2020
0,0,0,365,0,502481,2020
0,2,0,365,0,488771,2020
0,0,0,365,0,543401,2020
1,2,1,365,2,641829,2020
0,0,0,365,0,613564,2020
0,0,0,365,0,457803,2020
0,0,0,365,0,595144,2020
0,0,0,365,0,476704,2020
0,0,0,365,0,425772,2020
0,0,0,365,0,650339,2020
0,0,0,365,0,542908,2020
0,0,0,365,0,592626,2020
0,0,0,365,0,116265,2020
0,1,0,365,0,605412,2020
0,0,0,365,0,543308,2020
4,8,1,365,32,445055,2020
0,0,0,365,0,518960,2020
0,0,0,365,0,570731,2020
0,0,0,365,0,542340,2020
0,0,0,365,0,474568,2020
0,0,0,365,0,593528,2020
0,0,0,365,0,578428,2020
0,0,0,365,0,446653,2020
0,0,0,365,0,500874,2020
0,0,0,365,0,602922,2020
0,0,0,365,0,502210,2020
0,0,0,365,0,593993,2020
0,0,0,365,0,606299,2020
0,0,0,365,0,492802,2020
0,0,0,365,0,501571,2020
1,1,0,365,1,595777,2020
0,0,0,365,0,571506,2020
0,1,0,365,0,457759,2020
2,3,0,365,6,642221,2020
0,0,0,365,0,605509,2020
0,0,0,365,0,542979,2020
0,3,0,365,0,607345,2020
0,0,0,365,0,607680,2020
0,0,0,365,0,501981,2020
2,3,0,365,6,543939,2020
0,1,0,365,0,435559,2020
0,0,0,365,0,571657,2020
0,1,0,365,0,656941,2020
0,0,0,365,0,523253,2020
0,0,0,365,0,489149,2020
0,0,0,365,0,571912,2020
0,0,0,365,0,596748,2020
0,3,0,365,0,605480,2020
1,1,0,365,1,542303,2020
0,3,0,365,0,543760,2020
0,0,0,365,0,503556,2020
2,2,1,365,4,592863,2020
0,2,0,365,0,571431,2020
0,0,0,365,0,571602,2020
0,0,0,365,0,592274,2020
0,0,0,365,0,459964,2020
0,0,0,365,0,519333,2020
0,0,0,365,0,621559,2020
0,0,0,365,0,488726,2020
0,0,0,365,0,641684,2020
0,1,0,365,0,502273,2020
0,0,0,365,0,572287,2020
0,0,0,365,0,543484,2020
0,0,0,365,0,519048,2020
1,4,0,365,4,112906,2020
0,0,0,365,0,624419,2020
0,0,0,365,0,605361,2020
2,2,1,365,4,608384,2020
0,0,0,365,0,608577,2020
0,1,0,365,0,622569,2020
0,0,0,365,0,467055,2020
0,1,0,365,0,623182,2020
0,0,0,365,0,465753,2020
0,0,0,365,0,518902,2020
0,0,0,365,0,594838,2020
0,0,0,365,0,622441,2020
0,0,0,365,0,542364,2020
0,0,0,365,0,570717,2020
0,0,0,365,0,592660,2020
0,0,0,365,0,600524,2020
0,0,0,365,0,650907,2020
0,0,0,365,0,425784,2020
0,1,0,365,0,620446,2020
0,0,0,365,0,543257,2020
0,0,0,365,0,455139,2020
0,4,0,365,0,502570,2020
0,0,0,365,0,591720,2020
0,0,0,365,0,514913,2020
0,0,0,365,0,572365,2020
0,0,0,365,0,543432,2020
0,1,0,365,0,475582,2020
0,0,0,365,0,624507,2020
0,0,0,365,0,506702,2020
0,0,0,365,0,595981,2020
0,0,0,365,0,594988,2020
0,0,0,365,0,623180,2020
0,0,0,365,0,593647,2020
0,0,0,365,0,592859,2020
0,0,0,365,0,519306,2020
0,0,0,365,0,608061,2020
0,0,0,365,0,605253,2020
0,0,0,365,0,542921,2020
0,0,0,365,0,543148,2020
0,1,0,365,0,453943,2020
2,3,0,365,6,600303,2020
0,0,0,365,0,542513,2020
0,0,0,365,0,547172,2020
0,0,0,365,0,608671,2020
0,1,0,365,0,543768,2020
0,0,0,365,0,501983,2020
0,0,0,365,0,452095,2020
0,0,0,365,0,623168,2020
0,0,0,365,0,571980,2020
5,6,1,365,30,643603,2020
15,42,1,365,630,624407,2020
0,1,0,365,0,456078,2020
0,0,0,365,0,541600,2020
0,0,0,365,0,594694,2020
0,1,0,365,0,467092,2020
0,0,0,365,0,621500,2020
0,0,0,365,0,592144,2020
0,0,0,365,0,592680,2020
0,3,0,365,0,425877,2020
0,1,0,365,0,630111,2020
0,0,0,365,0,650968,2020
0,0,0,365,0,660294,2020
0,0,0,365,0,643335,2020
0,0,0,365,0,664334,2021
0,0,0,365,0,501659,2021
0,0,0,365,0,546991,2021
3,1,1,365,3,405395,2021
0,0,0,365,0,607468,2021
0,0,0,365,0,543105,2021
0,0,0,365,0,642707,2021
0,0,0,365,0,660731,2021
0,1,0,365,0,592743,2021
0,0,0,365,0,595284,2021
0,0,0,365,0,457705,2021
0,1,0,365,0,546990,2021
0,0,0,365,0,621532,2021
0,1,0,365,0,519203,2021
0,4,0,365,0,605244,2021
0,5,0,365,0,519222,2021
0,0,0,365,0,642851,2021
0,0,0,365,0,541645,2021
0,4,0,365,0,607333,2021
0,0,0,365,0,571740,2021
0,1,0,365,0,641856,2021
0,0,0,365,0,663368,2021
0,2,0,365,0,543543,2021
0,1,0,365,0,474832,2021
0,0,0,365,0,641525,2021
0,0,0,365,0,592273,2021
0,0,0,365,0,640459,2021
0,0,0,365,0,571788,2021
1,4,1,365,4,621043,2021
0,0,0,365,0,542208,2021
0,0,0,365,0,642082,2021
0,0,0,365,0,518586,2021
0,0,0,365,0,572008,2021
0,4,0,365,0,621035,2021
0,0,0,365,0,542194,2021
0,2,0,365,0,640449,2021
0,1,0,365,0,592567,2021
0,0,0,365,0,572816,2021
1,5,0,365,5,608369,2021
0,0,0,365,0,605486,2021
0,0,0,365,0,663799,2021
0,0,0,365,0,514917,2021
0,4,0,365,0,656847,2021
0,0,0,365,0,596129,2021
0,0,0,365,0,594953,2021
0,0,0,365,0,621002,2021
0,0,0,365,0,621311,2021
0,0,0,365,0,571679,2021
0,0,0,365,0,543829,2021
0,0,0,365,0,592261,2021
0,0,0,365,0,518618,2021
0,0,0,365,0,605233,2021
0,0,0,365,0,571918,2021
0,0,0,365,0,451594,2021
0,0,0,365,0,553988,2021
0,0,0,365,0,642736,2021
0,0,0,365,0,456781,2021
0,2,0,365,0,623515,2021
0,0,0,365,0,543482,2021
0,3,0,365,0,596105,2021
0,0,0,365,0,592696,2021
0,3,0,365,0,500871,2021
0,0,0,365,0,621242,2021
0,1,0,365,0,501303,2021
1,3,0,365,3,519303,2021
0,1,0,365,0,462101,2021
0,1,0,365,0,542255,2021
0,1,0,365,0,519346,2021
0,1,0,365,0,625510,2021
0,0,0,365,0,570481,2021
0,0,0,365,0,614173,2021
0,0,0,365,0,620439,2021
0,1,0,365,0,518692,2021
0,0,0,365,0,467827,2021
0,0,0,365,0,641741,2021
0,0,0,365,0,606988,2021
0,0,0,365,0,595885,2021
0,2,0,365,0,593643,2021
0,0,0,365,0,541650,2021
0,0,0,365,0,545121,2021
3,8,1,365,24,622668,2021
0,0,0,365,0,595375,2021
0,3,0,365,0,598265,2021
0,0,0,365,0,641924,2021
0,0,0,365,0,592444,2021
0,0,0,365,0,663330,2021
0,0,0,365,0,641343,2021
0,0,0,365,0,606993,2021
0,1,0,365,0,571875,2021
0,1,0,365,0,545350,2021
0,0,0,365,0,656883,2021
2,12,1,365,24,641829,2021
0,0,0,365,0,595879,2021
0,0,0,365,0,476704,2021
0,0,0,365,0,542583,2021
0,0,0,365,0,592626,2021
0,3,0,365,0,116265,2021
0,0,0,365,0,608841,2021
0,0,0,365,0,622666,2021
0,1,0,365,0,543308,2021
0,0,0,365,0,596056,2021
0,0,0,365,0,641561,2021
0,0,0,365,0,572138,2021
0,2,0,365,0,641505,2021
0,0,0,365,0,542340,2021
0,0,0,365,0,624585,2021
0,3,0,365,0,578428,2021
0,0,0,365,0,658069,2021
0,2,0,365,0,543281,2021
0,0,0,365,0,593993,2021
1,2,1,365,2,606299,2021
0,0,0,365,0,518542,2021
0,1,0,365,0,492802,2021
0,0,0,365,0,501571,2021
0,0,0,365,0,578570,2021
0,0,0,365,0,457708,2021
0,0,0,365,0,642221,2021
0,0,0,365,0,607680,2021
0,0,0,365,0,608700,2021
0,3,0,365,0,594777,2021
1,2,0,365,2,592178,2021
0,2,0,365,0,435559,2021
0,1,0,365,0,664060,2021
0,2,0,365,0,656941,2021
0,0,0,365,0,660681,2021
0,0,0,365,0,544725,2021
0,0,0,365,0,621446,2021
0,0,0,365,0,114935,2021
0,0,0,365,0,571912,2021
0,0,0,365,0,642423,2021
0,3,0,365,0,596748,2021
0,4,0,365,0,605480,2021
0,4,0,365,0,543760,2021
0,2,0,365,0,592192,2021
0,1,0,365,0,592622,2021
0,0,0,365,0,572761,2021
0,1,0,365,0,571602,2021
0,0,0,365,0,592274,2021
0,0,0,365,0,650619,2021
0,1,0,365,0,641684,2021
3,9,1,365,27,605439,2021
2,9,1,365,18,645801,2021
0,0,0,365,0,664332,2021
0,2,0,365,0,656509,2021
0,2,0,365,0,112906,2021
0,1,0,365,0,592206,2021
0,0,0,365,0,624419,2021
0,0,0,365,0,664926,2021
0,0,0,365,0,592348,2021
0,0,0,365,0,608577,2021
0,0,0,365,0,546318,2021
0,0,0,365,0,664731,2021
0,0,0,365,0,642162,2021
0,0,0,365,0,623182,2021
0,0,0,365,0,600474,2021
0,1,0,365,0,594838,2021
0,1,0,365,0,595943,2021
0,3,0,365,0,605512,2021
0,0,0,365,0,620446,2021
0,0,0,365,0,547379,2021
0,0,0,365,0,429664,2021
0,0,0,365,0,455139,2021
0,0,0,365,0,596451,2021
0,1,0,365,0,608597,2021
0,0,0,365,0,591720,2021
0,0,0,365,0,534606,2021
0,0,0,365,0,543432,2021
0,0,0,365,0,624507,2021
0,0,0,365,0,592387,2021
0,2,0,365,0,660758,2021
0,0,0,365,0,506702,2021
0,0,0,365,0,595981,2021
0,0,0,365,0,594988,2021
0,2,0,365,0,673548,2021
0,0,0,365,0,623180,2021
0,0,0,365,0,673451,2021
0,3,0,365,0,516782,2021
0,0,0,365,0,552662,2021
0,0,0,365,0,572039,2021
0,0,0,365,0,519390,2021
0,0,0,365,0,519306,2021
0,2,0,365,0,543089,2021
0,0,0,365,0,605227,2021
0,0,0,365,0,656494,2021
0,0,0,365,0,600301,2021
0,0,0,365,0,542921,2021
0,1,0,365,0,641796,2021
0,0,0,365,0,502054,2021
0,0,0,365,0,542513,2021
0,0,0,365,0,608671,2021
2,2,1,365,4,543768,2021
0,3,0,365,0,572204,2021
5,8,1,365,40,596115,2021
0,1,0,365,0,571841,2021
0,0,0,365,0,623168,2021
0,6,0,365,0,643603,2021
9,46,1,365,414,624407,2021
0,0,0,365,0,553902,2021
0,1,0,365,0,594694,2021
0,0,0,365,0,592144,2021
0,0,0,365,0,592680,2021
0,0,0,365,0,622168,2021
0,1,0,365,0,543228,2021
0,1,0,365,0,650968,2021
0,0,0,365,0,570560,2021
0,1,0,365,0,660294,2021
0,0,0,365,0,572041,2022
1,3,1,365,3,543305,2022
3,7,1,365,21,592450,2022
0,0,0,365,0,664334,2022
0,0,0,365,0,501659,2022
0,0,0,365,0,594807,2022
0,0,0,365,0,641553,2022
0,2,0,365,0,624428,2022
0,0,0,365,0,588751,2022
0,1,0,365,0,649557,2022
0,1,0,365,0,621008,2022
0,0,0,365,0,663845,2022
0,1,0,365,0,643217,2022
0,0,0,365,0,595284,2022
0,0,0,365,0,457705,2022
0,0,0,365,0,664057,2022
0,2,0,365,0,519203,2022
0,0,0,365,0,605244,2022
3,4,1,365,12,664119,2022
0,1,0,365,0,595978,2022
0,0,0,365,0,519222,2022
0,0,0,365,0,642851,2022
0,0,0,365,0,641512,2022
0,0,0,365,0,592325,2022
0,0,0,365,0,571740,2022
0,1,0,365,0,641856,2022
0,0,0,365,0,663368,2022
0,0,0,365,0,666164,2022
0,0,0,365,0,605548,2022
0,3,0,365,0,474832,2022
5,2,1,365,10,592273,2022
0,0,0,365,0,607043,2022
0,1,0,365,0,663478,2022
0,0,0,365,0,621433,2022
0,1,0,365,0,605119,2022
0,0,0,365,0,657247,2022
0,0,0,365,0,595956,2022
3,6,1,365,18,621043,2022
0,3,0,365,0,467793,2022
0,1,0,365,0,608348,2022
0,0,0,365,0,676812,2022
0,0,0,365,0,640461,2022
0,0,0,365,0,595453,2022
0,0,0,365,0,642082,2022
0,0,0,365,0,518586,2022
0,1,0,365,0,429663,2022
0,0,0,365,0,608360,2022
0,0,0,365,0,572008,2022
0,1,0,365,0,622046,2022
0,2,0,365,0,543877,2022
0,2,0,365,0,642020,2022
0,2,0,365,0,640449,2022
0,0,0,365,0,641355,2022
1,2,0,365,2,657061,2022
0,0,0,365,0,592567,2022
0,0,0,365,0,666213,2022
0,0,0,365,0,663731,2022
0,0,0,365,0,572816,2022
0,1,0,365,0,592200,2022
0,1,0,365,0,663799,2022
0,0,0,365,0,514917,2022
0,1,0,365,0,656847,2022
3,1,1,365,3,669288,2022
0,6,0,365,0,502517,2022
0,0,0,365,0,594953,2022
0,1,0,365,0,621002,2022
0,1,0,365,0,664901,2022
0,6,0,365,0,621020,2022
0,0,0,365,0,573131,2022
0,0,0,365,0,621311,2022
0,0,0,365,0,571679,2022
0,0,0,365,0,444482,2022
0,0,0,365,0,592261,2022
0,1,0,365,0,666206,2022
5,11,1,365,55,656537,2022
0,1,0,365,0,544369,2022
0,0,0,365,0,553988,2022
0,0,0,365,0,624513,2022
0,0,0,365,0,642736,2022
0,4,0,365,0,642086,2022
0,0,0,365,0,456781,2022
0,0,0,365,0,656403,2022
0,0,0,365,0,543482,2022
0,1,0,365,0,640460,2022
0,1,0,365,0,657193,2022
0,0,0,365,0,621242,2022
0,0,0,365,0,621458,2022
0,0,0,365,0,501303,2022
1,7,0,365,7,642201,2022
0,4,0,365,0,609274,2022
1,3,0,365,3,519303,2022
0,0,0,365,0,462101,2022
0,2,0,365,0,543333,2022
0,0,0,365,0,625510,2022
0,0,0,365,0,570481,2022
0,1,0,365,0,446334,2022
0,3,0,365,0,657088,2022
0,0,0,365,0,614173,2022
0,0,0,365,0,516472,2022
0,0,0,365,0,620439,2022
0,1,0,365,0,614177,2022
0,0,0,365,0,641658,2022
0,0,0,365,0,596142,2022
0,0,0,365,0,606988,2022
3,4,1,365,12,656185,2022
0,0,0,365,0,656364,2022
0,1,0,365,0,593643,2022
0,3,0,365,0,605612,2022
0,0,0,365,0,592656,2022
0,0,0,365,0,541650,2022
0,6,0,365,0,622668,2022
0,4,0,365,0,502110,2022
0,1,0,365,0,607054,2022
0,0,0,365,0,605346,2022
0,2,0,365,0,598265,2022
0,1,0,365,0,641924,2022
0,2,0,365,0,663330,2022
0,0,0,365,0,641343,2022
0,1,0,365,0,606993,2022
0,0,0,365,0,571875,2022
0,0,0,365,0,545350,2022
0,0,0,365,0,669738,2022
0,0,0,365,0,656883,2022
0,0,0,365,0,518792,2022
0,0,0,365,0,613564,2022
0,1,0,365,0,664041,2022
5,1,1,365,5,516416,2022
2,1,0,365,2,600869,2022
0,0,0,365,0,650339,2022
0,0,0,365,0,542583,2022
0,1,0,365,0,592626,2022
0,1,0,365,0,116265,2022
0,1,0,365,0,524329,2022
0,1,0,365,0,669309,2022
0,2,0,365,0,608336,2022
0,0,0,365,0,622666,2022
1,3,1,365,3,543308,2022
0,1,0,365,0,572138,2022
0,1,0,365,0,641505,2022
0,1,0,365,0,656669,2022
0,0,0,365,0,595751,2022
0,0,0,365,0,593528,2022
4,3,1,365,12,547989,2022
0,1,0,365,0,578428,2022
0,5,0,365,0,458679,2022
1,1,1,365,1,518626,2022
0,1,0,365,0,658069,2022
0,3,0,365,0,543281,2022
0,0,0,365,0,623507,2022
0,0,0,365,0,642165,2022
0,0,0,365,0,606299,2022
0,0,0,365,0,578570,2022
0,1,0,365,0,595777,2022
0,5,0,365,0,457759,2022
0,0,0,365,0,605196,2022
0,0,0,365,0,595281,2022
0,0,0,365,0,656821,2022
0,0,0,365,0,607680,2022
0,0,0,365,0,608700,2022
1,1,1,365,1,594777,2022
0,1,0,365,0,543939,2022
0,10,0,365,0,547982,2022
0,0,0,365,0,642456,2022
0,1,0,365,0,620443,2022
0,1,0,365,0,592426,2022
1,1,0,365,1,571912,2022
0,2,0,365,0,572228,2022
0,4,0,365,0,663897,2022
0,0,0,365,0,642423,2022
0,1,0,365,0,657129,2022
0,0,0,365,0,656627,2022
0,0,0,365,0,807799,2022
0,3,0,365,0,571431,2022
0,0,0,365,0,607461,2022
0,0,0,365,0,572761,2022
0,1,0,365,0,592274,2022
0,0,0,365,0,621011,2022
0,0,0,365,0,650619,2022
0,0,0,365,0,488726,2022
0,0,0,365,0,656308,2022
0,0,0,365,0,624424,2022
0,0,0,365,0,641684,2022
0,0,0,365,0,657709,2022
0,1,0,365,0,605421,2022
3,11,1,365,33,605439,2022
0,1,0,365,0,519058,2022
0,0,0,365,0,572287,2022
1,1,0,365,1,571745,2022
0,3,0,365,0,656509,2022
0,0,0,365,0,643271,2022
0,1,0,365,0,670148,2022
0,1,0,365,0,112906,2022
0,0,0,365,0,624419,2022
0,0,0,365,0,664926,2022
0,0,0,365,0,605361,2022
0,0,0,365,0,592348,2022
0,0,0,365,0,608577,2022
0,0,0,365,0,553882,2022
0,0,0,365,0,640458,2022
0,1,0,365,0,664731,2022
0,1,0,365,0,622569,2022
0,0,0,365,0,642162,2022
0,0,0,365,0,664850,2022
0,0,0,365,0,657557,2022
0,0,0,365,0,600474,2022
0,1,0,365,0,595943,2022
1,2,0,365,2,605512,2022
0,0,0,365,0,542364,2022
0,0,0,365,0,606132,2022
0,0,0,365,0,592660,2022
0,10,0,365,0,621006,2022
0,0,0,365,0,542963,2022
0,1,0,365,0,543257,2022
0,0,0,365,0,547379,2022
0,0,0,365,0,596451,2022
0,0,0,365,0,608597,2022
0,1,0,365,0,596059,2022
0,0,0,365,0,666922,2022
0,0,0,365,0,572365,2022
0,0,0,365,0,534606,2022
0,2,0,365,0,624507,2022
0,2,0,365,0,660758,2022
0,0,0,365,0,506702,2022
0,1,0,365,0,642727,2022
0,0,0,365,0,621450,2022
0,0,0,365,0,572039,2022
0,1,0,365,0,621453,2022
0,4,0,365,0,656448,2022
0,2,0,365,0,622100,2022
0,0,0,365,0,600301,2022
0,0,0,365,0,641796,2022
0,2,0,365,0,600303,2022
0,0,0,365,0,502054,2022
0,0,0,365,0,547172,2022
0,0,0,365,0,663905,2022
0,0,0,365,0,608671,2022
0,0,0,365,0,680552,2022
0,5,0,365,0,607208,2022
0,0,0,365,0,670092,2022
0,0,0,365,0,668663,2022
0,2,0,365,0,641820,2022
1,1,0,365,1,571466,2022
0,0,0,365,0,623168,2022
0,0,0,365,0,571980,2022
0,0,0,365,0,665066,2022
0,0,0,365,0,642180,2022
1,7,0,365,7,643603,2022
0,0,0,365,0,605353,2022
0,0,0,365,0,681962,2022
0,1,0,365,0,622682,2022
0,1,0,365,0,642215,2022
0,0,0,365,0,571976,2022
0,3,0,365,0,650489,2022
1,1,1,365,1,641432,2022
0,1,0,365,0,575929,2022
0,0,0,365,0,594694,2022
0,0,0,365,0,592144,2022
0,4,0,365,0,593428,2022
0,1,0,365,0,622168,2022
0,0,0,365,0,650968,2022
0,0,0,365,0,570560,2022
0,0,0,365,0,660294,2022
0,2,0,365,0,493329,2022
0,1,0,365,0,666783,2022
0,0,0,365,0,621545,2022
0,0,0,365,0,641470,2022
5,5,0,365,25,543305,2023
0,5,0,365,0,594807,2023
1,5,0,365,5,624428,2023
0,0,0,365,0,676701,2023
0,0,0,365,0,546991,2023
0,1,0,365,0,649557,2023
5,6,0,365,30,664670,2023
0,0,0,365,0,607468,2023
4,4,1,365,16,621008,2023
0,3,0,365,0,656577,2023
0,2,0,365,0,642708,2023
0,0,0,365,0,665953,2023
0,0,0,365,0,595284,2023
0,1,0,365,0,668800,2023
0,0,0,365,0,457705,2023
0,1,0,365,0,623205,2023
0,0,0,365,0,546990,2023
0,0,0,365,0,621532,2023
0,0,0,365,0,669137,2023
0,1,0,365,0,664119,2023
0,0,0,365,0,595978,2023
2,4,1,365,8,543592,2023
0,0,0,365,0,642851,2023
1,6,0,365,6,607333,2023
0,0,0,365,0,592325,2023
0,1,0,365,0,641856,2023
0,0,0,365,0,676632,2023
0,3,0,365,0,543543,2023
0,0,0,365,0,605548,2023
0,0,0,365,0,543063,2023
0,3,0,365,0,663478,2023
0,0,0,365,0,621433,2023
0,0,0,365,0,676551,2023
0,2,0,365,0,605119,2023
0,0,0,365,0,657247,2023
0,0,0,365,0,669369,2023
0,1,0,365,0,543068,2023
0,0,0,365,0,668751,2023
0,1,0,365,0,643348,2023
0,1,0,365,0,595956,2023
0,0,0,365,0,675986,2023
0,0,0,365,0,542208,2023
0,0,0,365,0,467793,2023
0,0,0,365,0,677060,2023
0,0,0,365,0,595453,2023
0,0,0,365,0,644433,2023
0,0,0,365,0,676882,2023
0,0,0,365,0,641779,2023
0,0,0,365,0,518586,2023
0,0,0,365,0,656467,2023
0,0,0,365,0,608360,2023
0,1,0,365,0,572008,2023
0,0,0,365,0,624414,2023
0,1,0,365,0,542194,2023
0,0,0,365,0,642020,2023
2,5,0,365,10,641355,2023
0,0,0,365,0,657061,2023
0,0,0,365,0,668843,2023
0,0,0,365,0,592200,2023
0,1,0,365,0,656847,2023
0,0,0,365,0,656495,2023
0,1,0,365,0,596129,2023
0,0,0,365,0,669288,2023
0,0,0,365,0,664901,2023
0,0,0,365,0,621311,2023
0,0,0,365,0,444482,2023
0,0,0,365,0,663662,2023
2,7,1,365,14,656537,2023
1,3,0,365,3,660650,2023
0,0,0,365,0,624513,2023
1,5,0,365,5,642086,2023
0,0,0,365,0,664848,2023
0,2,0,365,0,456781,2023
0,0,0,365,0,656403,2023
0,0,0,365,0,543482,2023
0,1,0,365,0,640460,2023
0,2,0,365,0,592696,2023
0,1,0,365,0,500871,2023
0,0,0,365,0,621458,2023
0,0,0,365,0,501303,2023
0,1,0,365,0,553869,2023
0,3,0,365,0,609274,2023
0,2,0,365,0,519303,2023
0,2,0,365,0,462101,2023
0,3,0,365,0,571771,2023
0,0,0,365,0,606992,2023
0,0,0,365,0,570481,2023
0,1,0,365,0,642336,2023
0,1,0,365,0,643265,2023
0,1,0,365,0,641658,2023
0,0,0,365,0,596142,2023
0,0,0,365,0,665482,2023
5,5,1,365,25,570482,2023
0,1,0,365,0,656185,2023
0,0,0,365,0,623912,2023
0,1,0,365,0,664056,2023
0,0,0,365,0,541650,2023
1,5,1,365,5,660829,2023
0,0,0,365,0,641531,2023
0,2,0,365,0,592669,2023
3,4,1,365,12,643396,2023
0,0,0,365,0,641555,2023
0,3,0,365,0,605204,2023
1,3,0,365,3,502110,2023
0,0,0,365,0,605346,2023
0,0,0,365,0,595373,2023
0,5,0,365,0,598265,2023
0,1,0,365,0,607732,2023
0,0,0,365,0,606993,2023
0,1,0,365,0,571875,2023
0,0,0,365,0,545350,2023
0,0,0,365,0,656883,2023
0,0,0,365,0,642197,2023
0,0,0,365,0,666931,2023
0,0,0,365,0,665120,2023
0,0,0,365,0,518792,2023
1,9,0,365,9,641829,2023
0,0,0,365,0,613564,2023
0,1,0,365,0,516416,2023
0,1,0,365,0,600869,2023
0,0,0,365,0,666464,2023
0,0,0,365,0,608385,2023
2,1,0,365,2,596847,2023
3,4,1,365,12,592626,2023
0,2,0,365,0,116265,2023
0,0,0,365,0,608336,2023
1,2,0,365,2,458015,2023
0,5,0,365,0,621563,2023
0,0,0,365,0,660620,2023
0,3,0,365,0,641505,2023
0,0,0,365,0,656669,2023
0,0,0,365,0,595751,2023
0,2,0,365,0,624585,2023
0,1,0,365,0,578428,2023
0,4,0,365,0,670351,2023
0,0,0,365,0,602922,2023
0,1,0,365,0,543281,2023
0,0,0,365,0,623507,2023
0,0,0,365,0,642165,2023
0,0,0,365,0,660766,2023
0,2,0,365,0,808982,2023
0,0,0,365,0,595777,2023
1,4,0,365,4,457759,2023
0,0,0,365,0,669374,2023
0,2,0,365,0,595281,2023
0,1,0,365,0,621028,2023
0,0,0,365,0,656821,2023
0,0,0,365,0,607680,2023
0,0,0,365,0,608700,2023
1,5,0,365,5,675656,2023
0,0,0,365,0,543939,2023
0,0,0,365,0,664247,2023
0,0,0,365,0,544725,2023
0,1,0,365,0,650331,2023
0,5,0,365,0,682515,2023
0,0,0,365,0,665650,2023
0,0,0,365,0,114935,2023
0,2,0,365,0,641645,2023
0,0,0,365,0,642451,2023
0,1,0,365,0,620443,2023
0,1,0,365,0,673316,2023
0,0,0,365,0,572228,2023
0,1,0,365,0,663897,2023
0,0,0,365,0,676628,2023
0,0,0,365,0,656627,2023
0,0,0,365,0,664029,2023
0,0,0,365,0,592622,2023
0,0,0,365,0,455117,2023
0,0,0,365,0,669200,2023
0,0,0,365,0,607461,2023
0,0,0,365,0,572761,2023
0,7,0,365,0,656305,2023
0,0,0,365,0,592274,2023
0,0,0,365,0,670712,2023
0,0,0,365,0,656308,2023
0,0,0,365,0,657709,2023
0,0,0,365,0,605421,2023
0,5,0,365,0,605439,2023
0,0,0,365,0,593934,2023
0,6,0,365,0,645801,2023
0,0,0,365,0,519058,2023
1,5,0,365,5,641598,2023
0,0,0,365,0,670148,2023
0,0,0,365,0,605113,2023
0,1,0,365,0,669222,2023
0,0,0,365,0,669256,2023
0,0,0,365,0,592348,2023
0,0,0,365,0,553882,2023
0,0,0,365,0,640458,2023
0,0,0,365,0,664731,2023
0,0,0,365,0,467055,2023
0,0,0,365,0,657557,2023
0,1,0,365,0,668721,2023
0,0,0,365,0,595943,2023
0,0,0,365,0,542364,2023
0,1,0,365,0,657656,2023
0,0,0,365,0,545341,2023
0,0,0,365,0,592660,2023
1,3,0,365,3,656555,2023
1,9,0,365,9,621006,2023
0,1,0,365,0,542963,2023
0,1,0,365,0,543257,2023
0,0,0,365,0,547379,2023
0,0,0,365,0,608597,2023
0,2,0,365,0,596059,2023
0,1,0,365,0,642133,2023
0,0,0,365,0,676900,2023
0,1,0,365,0,663630,2023
0,0,0,365,0,668723,2023
0,0,0,365,0,676625,2023
0,1,0,365,0,660758,2023
0,0,0,365,0,506702,2023
0,1,0,365,0,642727,2023
0,0,0,365,0,621450,2023
0,0,0,365,0,572039,2023
0,1,0,365,0,670128,2023
0,3,0,365,0,606192,2023
0,0,0,365,0,679631,2023
0,2,0,365,0,641313,2023
0,1,0,365,0,641796,2023
0,1,0,365,0,119572,2023
0,3,0,365,0,502054,2023
0,0,0,365,0,621512,2023
0,0,0,365,0,643393,2023
0,0,0,365,0,663905,2023
0,2,0,365,0,608671,2023
0,0,0,365,0,680552,2023
0,3,0,365,0,572204,2023
0,0,0,365,0,641820,2023
2,6,1,365,12,656484,2023
0,0,0,365,0,571466,2023
0,0,0,365,0,642180,2023
0,0,0,365,0,605170,2023
0,2,0,365,0,593160,2023
0,0,0,365,0,641432,2023
0,0,0,365,0,594694,2023
0,0,0,365,0,592144,2023
0,0,0,365,0,518735,2023
0,0,0,365,0,650968,2023
0,0,0,365,0,570560,2023
0,3,0,365,0,660634,2023
0,0,0,365,0,660294,2023
0,0,0,365,0,493329,2023
0,1,0,365,0,666783,2023
0,0,0,365,0,676646,2023
0,5,0,365,0,647351,2024
0,1,0,365,0,624428,2024
0,0,0,365,0,676701,2024
0,0,0,365,0,546991,2024
0,3,0,365,0,664670,2024
2,3,0,365,6,608324,2024
4,7,1,365,28,621008,2024
0,1,0,365,0,656577,2024
0,0,0,365,0,150352,2024
0,1,0,365,0,657077,2024
0,1,0,365,0,642708,2024
0,0,0,365,0,686531,2024
0,0,0,365,0,668800,2024
0,1,0,365,0,457705,2024
0,0,0,365,0,664057,2024
0,0,0,365,0,623205,2024
1,4,0,365,4,623993,2024
0,0,0,365,0,678011,2024
0,3,0,365,0,605244,2024
0,1,0,365,0,669137,2024
0,0,0,365,0,605131,2024
0,1,0,365,0,669720,2024
0,2,0,365,0,595978,2024
0,4,0,365,0,543592,2024
0,1,0,365,0,596103,2024
0,0,0,365,0,642851,2024
1,5,1,365,5,607333,2024
0,0,0,365,0,592325,2024
0,1,0,365,0,571740,2024
0,0,0,365,0,641856,2024
0,0,0,365,0,676632,2024
0,0,0,365,0,666915,2024
0,0,0,365,0,592273,2024
0,1,0,365,0,663898,2024
0,1,0,365,0,680695,2024
0,1,0,365,0,664954,2024
0,0,0,365,0,640459,2024
0,0,0,365,0,661531,2024
0,3,0,365,0,650559,2024
0,0,0,365,0,681526,2024
0,0,0,365,0,669369,2024
0,0,0,365,0,669326,2024
0,1,0,365,0,671083,2024
0,1,0,365,0,668751,2024
0,0,0,365,0,666126,2024
0,0,0,365,0,542208,2024
0,4,0,365,0,467793,2024
0,2,0,365,0,608348,2024
0,0,0,365,0,666198,2024
0,0,0,365,0,624415,2024
0,0,0,365,0,595453,2024
0,1,0,365,0,644433,2024
0,0,0,365,0,642082,2024
0,0,0,365,0,676882,2024
0,0,0,365,0,641779,2024
0,0,0,365,0,608360,2024
1,5,1,365,5,621035,2024
0,0,0,365,0,624414,2024
0,0,0,365,0,542194,2024
0,7,0,365,0,572233,2024
0,0,0,365,0,663796,2024
0,2,0,365,0,642137,2024
0,0,0,365,0,668843,2024
0,7,0,365,0,656582,2024
0,0,0,365,0,663731,2024
0,1,0,365,0,669450,2024
0,1,0,365,0,665506,2024
0,0,0,365,0,592200,2024
0,0,0,365,0,669288,2024
0,3,0,365,0,643376,2024
0,1,0,365,0,669742,2024
0,0,0,365,0,623520,2024
0,0,0,365,0,682073,2024
0,1,0,365,0,681584,2024
0,0,0,365,0,592261,2024
0,0,0,365,0,682616,2024
0,1,0,365,0,553988,2024
0,0,0,365,0,624513,2024
0,4,0,365,0,642086,2024
0,1,0,365,0,456781,2024
0,0,0,365,0,682183,2024
0,0,0,365,0,656403,2024
0,0,0,365,0,666185,2024
0,0,0,365,0,664238,2024
0,1,0,365,0,592696,2024
0,1,0,365,0,657193,2024
0,0,0,365,0,658668,2024
0,0,0,365,0,621242,2024
0,0,0,365,0,621458,2024
0,1,0,365,0,553869,2024
0,0,0,365,0,650391,2024
1,1,1,365,1,571771,2024
0,1,0,365,0,676572,2024
0,0,0,365,0,657088,2024
0,0,0,365,0,614173,2024
0,0,0,365,0,642336,2024
0,0,0,365,0,620439,2024
0,2,0,365,0,643265,2024
0,0,0,365,0,641658,2024
0,0,0,365,0,596142,2024
0,0,0,365,0,657757,2024
0,0,0,365,0,671655,2024
0,0,0,365,0,665482,2024
0,1,0,365,0,570482,2024
0,1,0,365,0,650402,2024
0,3,0,365,0,656185,2024
0,1,0,365,0,675659,2024
1,3,1,365,3,673490,2024
0,1,0,365,0,605612,2024
0,1,0,365,0,664056,2024
1,1,1,365,1,681715,2024
1,3,1,365,3,808975,2024
0,1,0,365,0,545121,2024
0,1,0,365,0,656371,2024
0,1,0,365,0,605204,2024
0,1,0,365,0,113636,2024
0,0,0,365,0,605346,2024
0,0,0,365,0,674441,2024
0,0,0,365,0,641924,2024
0,1,0,365,0,607732,2024
0,1,0,365,0,663330,2024
0,0,0,365,0,665856,2024
0,0,0,365,0,641343,2024
0,0,0,365,0,571875,2024
0,0,0,365,0,545350,2024
0,0,0,365,0,656883,2024
0,0,0,365,0,543510,2024
0,0,0,365,0,642197,2024
0,0,0,365,0,666931,2024
0,16,0,365,0,676724,2024
0,1,0,365,0,518792,2024
0,0,0,365,0,600869,2024
0,1,0,365,0,669236,2024
0,0,0,365,0,608385,2024
0,2,0,365,0,592626,2024
0,0,0,365,0,116265,2024
0,2,0,365,0,669309,2024
0,0,0,365,0,608336,2024
0,0,0,365,0,608841,2024
0,0,0,365,0,542932,2024
0,1,0,365,0,572138,2024
0,0,0,365,0,677954,2024
0,5,0,365,0,677941,2024
0,0,0,365,0,595751,2024
0,1,0,365,0,593871,2024
0,1,0,365,0,640492,2024
0,0,0,365,0,676480,2024
1,3,1,365,3,578428,2024
0,2,0,365,0,670351,2024
0,0,0,365,0,602922,2024
0,7,0,365,0,458679,2024
0,2,0,365,0,668942,2024
0,1,0,365,0,641943,2024
0,4,0,365,0,672701,2024
0,0,0,365,0,316792,2024
2,5,1,365,10,665742,2024
0,3,0,365,0,595777,2024
0,1,0,365,0,457759,2024
0,0,0,365,0,669374,2024
0,1,0,365,0,621028,2024
0,0,0,365,0,607680,2024
0,2,0,365,0,571657,2024
0,2,0,365,0,543309,2024
0,9,0,365,0,682119,2024
0,0,0,365,0,686482,2024
0,6,0,365,0,682515,2024
0,1,0,365,0,820123,2024
0,0,0,365,0,641645,2024
0,0,0,365,0,649966,2024
0,1,0,365,0,592426,2024
0,0,0,365,0,571912,2024
0,1,0,365,0,622534,2024
0,1,0,365,0,592192,2024
0,0,0,365,0,656627,2024
0,1,0,365,0,455117,2024
0,0,0,365,0,669200,2024
0,0,0,365,0,685301,2024
0,0,0,365,0,670223,2024
0,0,0,365,0,676946,2024
0,1,0,365,0,596146,2024
0,0,0,365,0,545358,2024
0,0,0,365,0,670712,2024
0,0,0,365,0,656308,2024
0,1,0,365,0,624424,2024
0,2,0,365,0,605421,2024
0,0,0,365,0,683021,2024
0,1,0,365,0,666160,2024
0,7,0,365,0,645801,2024
0,3,0,365,0,643565,2024
0,0,0,365,0,664332,2024
0,1,0,365,0,681987,2024
0,0,0,365,0,670148,2024
0,12,0,365,0,663993,2024
0,0,0,365,0,676369,2024
1,1,0,365,1,624503,2024
0,2,0,365,0,663611,2024
0,0,0,365,0,605361,2024
0,0,0,365,0,665155,2024
0,0,0,365,0,669222,2024
0,0,0,365,0,669256,2024
0,3,0,365,0,670032,2024
0,0,0,365,0,592348,2024
0,0,0,365,0,553882,2024
1,5,0,365,5,682619,2024
0,3,0,365,0,606115,2024
0,1,0,365,0,660757,2024
0,0,0,365,0,640458,2024
0,3,0,365,0,680911,2024
0,0,0,365,0,664731,2024
0,0,0,365,0,622569,2024
0,0,0,365,0,657557,2024
0,1,0,365,0,502671,2024
0,0,0,365,0,668721,2024
0,4,0,365,0,624413,2024
0,0,0,365,0,542364,2024
0,1,0,365,0,657656,2024
0,0,0,365,0,545341,2024
0,0,0,365,0,624512,2024
0,1,0,365,0,650907,2024
1,10,0,365,10,621006,2024
0,0,0,365,0,542963,2024
0,1,0,365,0,666801,2024
0,0,0,365,0,682927,2024
0,0,0,365,0,642133,2024
0,0,0,365,0,680837,2024
0,0,0,365,0,668723,2024
0,0,0,365,0,664059,2024
0,0,0,365,0,664874,2024
0,1,0,365,0,642727,2024
0,0,0,365,0,666179,2024
0,3,0,365,0,664913,2024
1,1,1,365,1,606192,2024
0,0,0,365,0,679631,2024
0,2,0,365,0,642731,2024
0,2,0,365,0,641313,2024
0,0,0,365,0,641796,2024
0,0,0,365,0,502054,2024
0,0,0,365,0,621512,2024
0,0,0,365,0,663905,2024
0,0,0,365,0,608671,2024
0,0,0,365,0,680552,2024
0,0,0,365,0,518595,2024
0,1,0,365,0,572204,2024
0,1,0,365,0,670092,2024
0,0,0,365,0,668663,2024
0,0,0,365,0,641820,2024
7,4,1,365,28,656484,2024
0,0,0,365,0,571466,2024
0,0,0,365,0,664034,2024
0,0,0,365,0,571980,2024
0,1,0,365,0,641933,2024
0,1,0,365,0,605353,2024
0,0,0,365,0,677943,2024
0,0,0,365,0,680862,2024
1,4,1,365,4,642715,2024
0,0,0,365,0,518735,2024
0,0,0,365,0,660162,2024
0,0,0,365,0,650968,2024
0,0,0,365,0,570560,2024
1,1,1,365,1,660634,2024
0,1,0,365,0,493329,2024
0,20,0,365,0,670097,2024
0,1,0,365,0,668845,2025
3,6,0,365,18,647351,2025
0,0,0,365,0,624428,2025
0,0,0,365,0,666969,2025
3,1,0,365,3,668731,2025
0,2,0,365,0,664670,2025
6,5,1,365,30,608324,2025
0,1,0,365,0,657077,2025
1,2,1,365,2,642708,2025
0,2,0,365,0,668800,2025
0,0,0,365,0,457705,2025
0,0,0,365,0,623205,2025
0,0,0,365,0,628451,2025
0,0,0,365,0,605131,2025
0,0,0,365,0,669720,2025
1,4,1,365,4,543592,2025
1,1,1,365,1,596103,2025
0,0,0,365,0,592325,2025
0,0,0,365,0,666165,2025
0,0,0,365,0,676632,2025
0,2,0,365,0,666182,2025
0,0,0,365,0,592273,2025
2,1,1,365,2,663898,2025
0,0,0,365,0,680695,2025
0,0,0,365,0,664954,2025
0,0,0,365,0,676551,2025
0,0,0,365,0,640459,2025
0,0,0,365,0,657247,2025
0,0,0,365,0,661531,2025
0,0,0,365,0,650559,2025
0,0,0,365,0,681526,2025
0,1,0,365,0,671083,2025
0,0,0,365,0,687799,2025
0,0,0,365,0,670276,2025
0,1,0,365,0,425825,2025
0,0,0,365,0,542208,2025
0,0,0,365,0,467793,2025
0,0,0,365,0,666198,2025
0,0,0,365,0,624415,2025
0,1,0,365,0,656775,2025
0,0,0,365,0,677060,2025
0,0,0,365,0,595453,2025
0,0,0,365,0,644433,2025
0,0,0,365,0,676801,2025
0,2,0,365,0,621035,2025
0,0,0,365,0,624414,2025
0,0,0,365,0,542194,2025
0,0,0,365,0,543877,2025
3,3,0,365,9,666624,2025
0,1,0,365,0,642020,2025
0,2,0,365,0,641355,2025
0,0,0,365,0,668843,2025
3,8,1,365,24,656582,2025
0,0,0,365,0,663731,2025
0,0,0,365,0,667452,2025
0,0,0,365,0,665506,2025
0,0,0,365,0,680577,2025
1,2,1,365,2,669288,2025
4,2,0,365,8,643376,2025
0,0,0,365,0,671117,2025
0,0,0,365,0,673995,2025
0,0,0,365,0,624513,2025
0,1,0,365,0,666150,2025
0,2,0,365,0,642086,2025
0,0,0,365,0,682183,2025
1,2,0,365,2,687957,2025
0,0,0,365,0,666185,2025
0,1,0,365,0,664238,2025
0,0,0,365,0,658668,2025
0,3,0,365,0,553869,2025
0,0,0,365,0,650391,2025
0,1,0,365,0,571771,2025
0,0,0,365,0,606992,2025
0,0,0,365,0,687066,2025
0,0,0,365,0,625510,2025
2,5,1,365,10,553993,2025
0,0,0,365,0,641658,2025
0,0,0,365,0,596142,2025
0,0,0,365,0,665482,2025
0,0,0,365,0,570482,2025
1,3,0,365,3,650402,2025
0,0,0,365,0,666197,2025
2,2,1,365,4,675659,2025
0,0,0,365,0,672569,2025
1,2,0,365,2,673490,2025
0,1,0,365,0,664056,2025
0,0,0,365,0,545121,2025
0,2,0,365,0,643396,2025
0,1,0,365,0,668709,2025
0,3,0,365,0,592663,2025
0,0,0,365,0,676466,2025
0,0,0,365,0,676070,2025
0,0,0,365,0,674441,2025
0,0,0,365,0,641924,2025
0,1,0,365,0,641584,2025
0,1,0,365,0,656883,2025
0,1,0,365,0,543510,2025
0,1,0,365,0,666931,2025
1,1,0,365,1,672284,2025
0,2,0,365,0,641511,2025
0,0,0,365,0,600869,2025
0,0,0,365,0,608841,2025
0,0,0,365,0,681146,2025
0,1,0,365,0,641680,2025
0,0,0,365,0,680716,2025
0,0,0,365,0,677954,2025
0,2,0,365,0,677941,2025
0,1,0,365,0,595751,2025
0,0,0,365,0,622761,2025
0,4,0,365,0,593871,2025
0,0,0,365,0,640492,2025
0,0,0,365,0,645444,2025
0,0,0,365,0,669304,2025
0,1,0,365,0,670351,2025
0,0,0,365,0,642350,2025
2,6,1,365,12,458679,2025
2,2,1,365,4,647304,2025
0,1,0,365,0,668942,2025
0,0,0,365,0,518542,2025
0,0,0,365,0,660766,2025
0,2,0,365,0,672960,2025
0,0,0,365,0,685744,2025
0,0,0,365,0,669374,2025
0,0,0,365,0,621028,2025
0,1,0,365,0,668832,2025
3,3,1,365,9,656941,2025
0,4,0,365,0,663656,2025
0,2,0,365,0,657041,2025
0,0,0,365,0,660681,2025
0,1,0,365,0,665750,2025
0,1,0,365,0,678894,2025
0,1,0,365,0,669722,2025
1,2,0,365,2,650333,2025
0,1,0,365,0,650859,2025
0,0,0,365,0,571912,2025
0,2,0,365,0,663897,2025
0,0,0,365,0,663609,2025
0,0,0,365,0,669004,2025
2,1,0,365,2,542303,2025
0,3,0,365,0,592192,2025
0,0,0,365,0,656627,2025
0,0,0,365,0,670223,2025
0,1,0,365,0,642136,2025
0,0,0,365,0,656308,2025
0,0,0,365,0,624424,2025
0,0,0,365,0,683021,2025
0,0,0,365,0,669911,2025
0,0,0,365,0,609280,2025
0,1,0,365,0,500743,2025
0,0,0,365,0,643565,2025
0,1,0,365,0,573262,2025
0,1,0,365,0,641598,2025
0,1,0,365,0,808959,2025
0,0,0,365,0,670148,2025
0,19,0,365,0,663993,2025
0,0,0,365,0,676369,2025
0,1,0,365,0,592206,2025
0,0,0,365,0,663611,2025
0,0,0,365,0,668472,2025
0,0,0,365,0,669256,2025
0,2,0,365,0,670032,2025
0,1,0,365,0,686554,2025
0,4,0,365,0,606115,2025
0,0,0,365,0,640458,2025
0,2,0,365,0,680911,2025
0,0,0,365,0,664731,2025
0,0,0,365,0,622569,2025
0,0,0,365,0,621550,2025
0,0,0,365,0,657557,2025
2,3,1,365,6,502671,2025
0,0,0,365,0,668721,2025
0,4,0,365,0,624413,2025
0,0,0,365,0,602104,2025
0,1,0,365,0,545341,2025
0,0,0,365,0,624512,2025
0,0,0,365,0,650907,2025
1,1,0,365,1,656555,2025
0,1,0,365,0,608701,2025
0,0,0,365,0,666801,2025
0,0,0,365,0,682927,2025
0,0,0,365,0,642133,2025
0,0,0,365,0,656811,2025
0,1,0,365,0,669087,2025
0,2,0,365,0,669392,2025
0,0,0,365,0,506702,2025
0,0,0,365,0,669289,2025
0,0,0,365,0,664068,2025
0,0,0,365,0,664874,2025
0,2,0,365,0,642727,2025
0,2,0,365,0,664913,2025
0,1,0,365,0,516782,2025
0,0,0,365,0,656413,2025
0,1,0,365,0,642731,2025
0,0,0,365,0,671284,2025
0,0,0,365,0,502054,2025
0,0,0,365,0,621512,2025
1,2,1,365,2,663757,2025
0,0,0,365,0,668663,2025
0,0,0,365,0,641820,2025
0,0,0,365,0,663536,2025
0,0,0,365,0,664034,2025
5,4,1,365,20,592122,2025
0,0,0,365,0,642180,2025
0,1,0,365,0,605170,2025
0,0,0,365,0,605353,2025
0,0,0,365,0,681962,2025
0,0,0,365,0,682653,2025
0,0,0,365,0,677943,2025
0,1,0,365,0,686823,2025
0,2,0,365,0,669717,2025
0,0,0,365,0,650489,2025
0,1,0,365,0,660162,2025
0,1,0,365,0,650968,2025
0,0,0,365,0,570560,2025
2,18,0,365,36,670097,2025
